time,x-axis,y-axis,z-axis
0.061 , -0.61 , 8.120000000000001 , 6.13
0.126 , -0.31 , 8.27 , 4.6000000000000005
0.18 , -1.69 , 8.73 , 5.5200000000000005
0.24 , -0.46 , 7.8100000000000005 , 3.52
0.302 , -0.61 , 8.43 , 5.98
0.36 , 0.46 , 7.97 , 5.21
0.42 , -0.77 , 8.58 , 4.29
0.48 , -1.53 , 8.43 , 5.5200000000000005
0.54 , -1.3800000000000001 , 8.120000000000001 , 5.82
0.6 , -0.31 , 6.44 , 5.67
0.66 , 0.77 , 7.3500000000000005 , 5.36
0.72 , -1.23 , 7.8100000000000005 , 5.5200000000000005
0.78 , -1.23 , 7.97 , 6.28
0.84 , -1.23 , 7.66 , 4.6000000000000005
0.9 , -0.77 , 7.2 , 6.59
0.96 , -1.53 , 7.66 , 5.98
1.02 , -1.53 , 7.8100000000000005 , 7.05
1.08 , -1.07 , 8.27 , 6.74
1.1400000000000001 , -1.3800000000000001 , 7.97 , 6.9
1.2 , -1.23 , 7.97 , 5.98
1.26 , -0.77 , 8.120000000000001 , 5.5200000000000005
1.32 , -1.07 , 9.35 , 4.14
1.3800000000000001 , 0.31 , 9.65 , 2.45
1.441 , -0.61 , 7.66 , 1.69
1.5 , 0.15 , 10.11 , 2.3000000000000003
1.56 , -0.61 , 8.73 , 1.23
1.62 , -0.92 , 10.11 , 0.92
1.68 , -1.23 , 9.040000000000001 , 2.91
1.74 , -0.46 , 10.11 , 2.45
1.8 , -0.46 , 10.88 , 2.45
1.86 , 0.31 , 9.35 , 1.53
1.92 , 0.92 , 11.49 , 1.99
1.98 , 0.31 , 9.35 , 1.23
2.04 , 0.31 , 10.11 , 1.99
2.1 , 0.31 , 9.96 , 1.53
2.16 , 0.15 , 9.19 , 1.07
2.22 , 0.31 , 9.96 , 1.23
2.2800000000000002 , -0.31 , 10.11 , 1.07
2.34 , -0.15 , 10.11 , 0.92
2.4 , -0.15 , 9.81 , 0.77
2.462 , -0.15 , 9.96 , 0.77
2.52 , -0.15 , 9.5 , 0.92
2.58 , -0.46 , 9.19 , 0.61
2.64 , -0.31 , 8.58 , 0.46
2.7 , 0.15 , 10.42 , 0.46
2.7600000000000002 , 0.15 , 9.19 , -0.46
2.82 , 0.31 , 10.27 , 1.23
2.88 , -0.61 , 9.19 , 0.61
2.94 , -0.31 , 9.81 , 1.53
3.0 , 1.84 , 8.120000000000001 , 1.99
3.06 , 0.77 , 9.5 , 1.84
3.12 , 0.46 , 10.88 , 1.07
3.181 , -0.31 , 9.35 , 0.46
3.241 , -0.31 , 10.42 , 0.46
3.3000000000000003 , 0.31 , 8.73 , 1.53
3.36 , 0.46 , 10.11 , 0.15
3.42 , 1.23 , 8.43 , 1.23
3.48 , 1.23 , 10.73 , 2.15
3.54 , 0.15 , 9.5 , -0.92
3.6 , 0.15 , 10.88 , 1.69
3.66 , 0.46 , 9.5 , -0.92
3.72 , 0.61 , 11.19 , -0.46
3.781 , 1.23 , 8.58 , 0.61
3.84 , -0.46 , 9.35 , -0.46
3.9 , 0.31 , 9.19 , -0.15
3.96 , 0.15 , 10.73 , -0.77
4.0200000000000005 , -0.31 , 9.040000000000001 , -0.61
4.08 , -0.77 , 11.03 , -0.77
4.14 , -0.15 , 10.11 , 0.61
4.2 , -0.15 , 9.81 , -0.92
4.26 , -0.15 , 9.81 , -0.31
4.32 , -0.31 , 10.73 , 0.92
4.38 , -0.15 , 10.11 , 0.92
4.44 , -0.31 , 9.65 , -0.92
4.5 , 0.15 , 9.96 , 0.46
4.5600000000000005 , 0.46 , 9.35 , 0.15
4.62 , 0.31 , 10.11 , -0.61
4.68 , -0.15 , 10.11 , -1.53
4.74 , -0.15 , 10.42 , 0.61
4.8 , 0.46 , 9.35 , -1.07
4.86 , -0.61 , 10.27 , -0.15
4.92 , 0.92 , 9.35 , -0.46
4.98 , 0.15 , 9.65 , -1.23
5.04 , 0.15 , 9.65 , -1.23
5.1000000000000005 , 0.77 , 9.19 , -0.92
5.163 , 0.77 , 9.81 , -1.53
5.22 , -0.15 , 9.5 , -0.92
5.28 , -0.31 , 9.65 , -1.53
5.34 , 0.31 , 9.96 , -0.61
5.4 , 0.15 , 10.27 , -0.61
5.46 , 0.46 , 10.11 , -0.92
5.5200000000000005 , 0.31 , 10.27 , -0.92
5.58 , 0.61 , 9.35 , -0.92
5.64 , 0.61 , 9.81 , -0.77
5.7 , 0.31 , 9.81 , -1.23
5.76 , 0.31 , 9.5 , -1.3800000000000001
5.82 , 0.46 , 9.5 , -0.77
5.88 , 0.15 , 9.96 , -1.3800000000000001
5.94 , 0.15 , 9.96 , -1.53
6.0 , 0.46 , 10.11 , -0.77
6.061 , 0.46 , 9.5 , -1.3800000000000001
6.12 , 0.46 , 9.65 , -0.92
6.18 , 1.07 , 9.35 , -1.3800000000000001
6.2410000000000005 , 0.61 , 9.19 , -0.92
6.3 , 0.61 , 10.57 , -0.92
6.36 , 0.77 , 10.88 , -1.53
6.42 , 0.77 , 10.73 , -0.92
6.48 , 0.61 , 13.02 , -0.31
6.541 , 1.69 , 9.5 , 0.77
6.6000000000000005 , -0.15 , 9.65 , 0.31
6.66 , -0.46 , 9.19 , 0.46
6.72 , -0.46 , 8.120000000000001 , 0.77
6.78 , 0.15 , 9.35 , -0.15
6.84 , 0.31 , 9.35 , -0.15
6.9 , 0.31 , 9.81 , -0.61
6.96 , 0.31 , 9.35 , 0.31
7.0200000000000005 , -0.61 , 9.5 , -0.31
7.08 , -0.61 , 9.65 , -1.07
7.140000000000001 , -0.46 , 9.35 , -1.3800000000000001
7.2 , -0.46 , 10.11 , -0.92
7.26 , -0.31 , 11.65 , -0.92
7.32 , 0.46 , 12.11 , -1.23
7.38 , 0.46 , 12.870000000000001 , -0.15
7.44 , 0.15 , 9.35 , -0.31
7.5 , 1.07 , 8.27 , 0.77
7.5600000000000005 , 1.3800000000000001 , 8.27 , 0.31
7.62 , 1.07 , 9.96 , 1.3800000000000001
7.68 , 0.31 , 9.19 , -0.61
7.7410000000000005 , 0.61 , 9.040000000000001 , -0.92
7.8 , 0.61 , 8.89 , -0.31
7.86 , 0.46 , 9.81 , -0.31
7.92 , 0.61 , 9.65 , -0.46
7.98 , 0.77 , 9.65 , -1.07
8.040000000000001 , 0.31 , 9.96 , -1.07
8.1 , 1.23 , 10.88 , -0.31
8.16 , 0.31 , 13.64 , 0.31
8.22 , 0.15 , 10.73 , 1.69
8.28 , -0.15 , 9.19 , 2.3000000000000003
8.34 , -0.77 , 9.35 , 0.15
8.4 , -0.31 , 9.35 , 1.07
8.46 , -0.15 , 9.040000000000001 , -0.15
8.52 , -0.15 , 9.35 , -0.15
8.581 , -0.15 , 9.19 , -0.31
8.64 , -0.31 , 9.19 , -0.77
8.700000000000001 , -0.15 , 9.5 , -0.46
8.76 , -0.15 , 9.96 , -1.23
8.82 , -0.46 , 9.96 , -0.92
8.88 , -0.46 , 10.88 , -1.07
8.94 , 0.77 , 11.8 , -0.77
9.0 , 0.77 , 13.02 , 0.61
9.06 , -0.46 , 10.11 , 0.92
9.120000000000001 , 0.61 , 8.73 , 0.61
9.18 , 1.07 , 8.43 , 1.07
9.24 , 0.15 , 10.27 , 0.46
9.3 , -0.31 , 9.5 , -0.61
9.36 , 0.15 , 8.73 , -0.77
9.42 , 0.31 , 8.89 , -0.15
9.48 , 0.31 , 9.040000000000001 , -0.61
9.540000000000001 , 0.61 , 9.96 , -0.15
9.6 , 0.77 , 10.57 , -1.23
9.66 , 0.61 , 11.8 , -0.61
9.72 , 0.15 , 11.950000000000001 , -1.07
9.781 , 0.15 , 12.56 , 0.92
9.84 , 0.15 , 9.35 , 1.3800000000000001
9.9 , -0.31 , 7.8100000000000005 , 0.92
9.96 , -0.92 , 8.58 , 0.46
10.02 , -0.61 , 9.5 , 1.07
10.08 , -0.61 , 8.43 , -0.15
10.14 , -0.31 , 9.19 , -0.92
10.200000000000001 , -0.31 , 9.65 , -0.92
10.26 , -0.61 , 9.19 , -0.92
10.32 , -0.15 , 10.42 , -0.61
10.38 , -0.31 , 11.950000000000001 , -0.61
10.44 , 0.15 , 11.49 , -1.07
10.5 , 0.15 , 12.26 , 0.15
10.56 , 0.46 , 10.73 , 1.23
10.620000000000001 , 0.77 , 8.120000000000001 , 0.92
10.68 , 1.07 , 8.43 , 0.92
10.74 , 0.15 , 9.65 , 0.77
10.8 , 0.15 , 9.19 , 0.77
10.86 , 0.31 , 8.58 , 0.77
10.92 , 0.61 , 8.89 , -0.31
10.98 , 0.77 , 9.19 , -0.61
11.040000000000001 , 0.92 , 10.88 , -0.61
11.1 , 1.07 , 11.49 , -1.23
11.16 , 1.07 , 12.56 , -0.31
11.22 , 0.92 , 11.950000000000001 , -0.31
11.28 , 0.31 , 10.57 , 0.61
11.34 , 0.31 , 8.120000000000001 , 1.53
11.4 , -0.77 , 9.5 , 0.31
11.46 , -0.31 , 9.96 , 0.92
11.52 , -0.31 , 8.58 , 0.92
11.58 , 0.46 , 8.58 , 0.92
11.64 , 0.15 , 8.89 , -0.61
11.700000000000001 , -0.46 , 9.19 , -0.31
11.76 , -0.31 , 9.35 , -0.61
11.82 , -0.15 , 11.49 , -1.23
11.88 , -0.15 , 11.8 , -1.07
11.94 , 0.77 , 11.65 , -0.46
12.0 , 0.77 , 13.33 , 0.31
12.061 , 0.46 , 8.27 , 1.23
12.120000000000001 , 0.61 , 8.58 , 1.07
12.18 , 0.31 , 8.73 , 0.77
12.24 , 0.15 , 9.19 , 0.61
12.3 , 0.46 , 8.89 , 0.61
12.36 , 0.46 , 8.58 , -0.31
12.42 , 0.31 , 8.89 , 0.15
12.48 , 0.15 , 9.35 , -0.15
12.540000000000001 , 0.31 , 11.65 , -0.61
12.6 , 0.31 , 11.65 , -1.53
12.66 , 0.92 , 12.870000000000001 , 0.46
12.72 , 0.31 , 11.8 , 0.46
12.780000000000001 , 0.31 , 8.89 , 1.99
12.84 , -0.77 , 8.27 , 1.3800000000000001
12.9 , -0.77 , 10.11 , 0.77
12.96 , -0.15 , 8.43 , 0.61
13.02 , -0.15 , 7.8100000000000005 , 0.15
13.081 , -0.31 , 9.35 , -0.31
13.14 , -0.31 , 9.19 , -0.31
13.201 , -0.15 , 9.35 , -0.31
13.26 , -0.15 , 11.19 , -0.77
13.32 , -0.92 , 12.56 , -0.92
13.38 , 0.77 , 10.88 , -0.92
13.44 , -0.15 , 12.11 , 0.15
13.5 , 0.15 , 8.73 , 0.77
13.56 , 0.46 , 8.89 , 0.31
13.620000000000001 , 1.3800000000000001 , 8.73 , 1.53
13.68 , 1.3800000000000001 , 9.35 , -0.15
13.74 , 0.46 , 8.73 , -0.77
13.8 , 0.46 , 8.120000000000001 , -0.61
13.86 , 0.77 , 8.73 , -1.07
13.92 , 1.07 , 10.88 , -0.77
13.98 , 1.3800000000000001 , 11.49 , -0.92
14.040000000000001 , 0.92 , 11.49 , -1.3800000000000001
14.1 , 0.77 , 13.33 , 0.31
14.16 , 0.15 , 10.57 , 0.92
14.22 , -0.15 , 8.73 , 1.3800000000000001
14.280000000000001 , -0.92 , 9.040000000000001 , -0.15
14.34 , 0.15 , 8.43 , 0.77
14.4 , 0.31 , 8.27 , -0.46
14.46 , 0.61 , 8.89 , -0.31
14.52 , 0.31 , 9.96 , -0.31
14.581 , 0.31 , 9.35 , -0.92
14.64 , 0.31 , 10.27 , -1.07
14.700000000000001 , -0.77 , 13.33 , -1.99
14.76 , 0.61 , 11.34 , -1.23
14.82 , 0.46 , 13.02 , 0.31
14.88 , 0.31 , 9.040000000000001 , 0.31
14.94 , 0.77 , 8.89 , 1.23
15.0 , 0.77 , 8.43 , 0.31
15.061 , 0.77 , 8.89 , 0.15
15.123000000000001 , 0.46 , 7.97 , -0.77
15.18 , 0.77 , 8.120000000000001 , 0.15
15.24 , 0.77 , 9.5 , -1.07
15.3 , 1.07 , 11.34 , -1.07
15.36 , 0.92 , 11.8 , -1.99
15.42 , 1.84 , 12.56 , -0.31
15.48 , 0.92 , 13.64 , -0.31
15.540000000000001 , -0.61 , 8.89 , 0.61
15.6 , -0.31 , 8.27 , 1.3800000000000001
15.66 , -1.3800000000000001 , 9.96 , -0.77
15.72 , -0.31 , 9.040000000000001 , -0.77
15.780000000000001 , -0.31 , 7.97 , -1.07
15.84 , 0.15 , 8.89 , -0.61
15.9 , 0.15 , 9.19 , -0.77
15.96 , 0.46 , 9.19 , -0.46
16.02 , 0.15 , 11.65 , -1.53
16.080000000000002 , -0.46 , 13.33 , -2.15
16.14 , 0.61 , 12.41 , -0.92
16.2 , 0.15 , 11.34 , 0.15
16.26 , 0.92 , 8.58 , 0.15
16.32 , 1.07 , 7.3500000000000005 , 0.31
16.38 , 0.92 , 8.58 , 0.15
16.44 , 0.31 , 9.19 , -0.92
16.501 , 0.61 , 7.8100000000000005 , -0.77
16.56 , 0.46 , 8.120000000000001 , -0.77
16.62 , 0.77 , 9.65 , -1.23
16.68 , 0.92 , 11.65 , -1.07
16.740000000000002 , 1.07 , 11.65 , -1.53
16.8 , 1.23 , 12.72 , -1.07
16.86 , 0.77 , 12.56 , 0.31
16.92 , 0.31 , 8.58 , 1.53
16.98 , -0.92 , 9.65 , 0.77
17.04 , -0.92 , 9.040000000000001 , 0.15
17.1 , -0.15 , 7.8100000000000005 , -0.15
17.16 , -0.46 , 8.89 , -1.3800000000000001
17.22 , -0.46 , 8.73 , -0.77
17.28 , -0.31 , 9.5 , -1.23
17.34 , 0.61 , 9.65 , -0.46
17.400000000000002 , 0.61 , 12.56 , -1.53
17.46 , 0.61 , 12.11 , -2.3000000000000003
17.52 , 0.77 , 12.72 , -0.46
17.580000000000002 , 0.77 , 10.57 , -0.46
17.64 , 1.3800000000000001 , 7.66 , 0.77
17.7 , 0.77 , 8.73 , 0.15
17.76 , 0.31 , 8.58 , -0.61
17.82 , 0.46 , 8.73 , -0.92
17.88 , 1.07 , 7.97 , -0.77
17.94 , 0.77 , 9.19 , -0.77
18.0 , 0.92 , 9.65 , -0.61
18.06 , 0.77 , 11.8 , -1.53
18.122 , 0.77 , 11.950000000000001 , -1.53
18.18 , 0.92 , 12.56 , -0.92
18.240000000000002 , 0.77 , 12.11 , -0.15
18.3 , 0.77 , 8.43 , 1.07
18.36 , -0.92 , 8.73 , 1.07
18.42 , -0.15 , 9.19 , -0.15
18.48 , 0.31 , 8.43 , -0.15
18.54 , 0.61 , 8.58 , -0.77
18.6 , 0.77 , 9.35 , -0.61
18.66 , -0.15 , 9.040000000000001 , -1.23
18.72 , -0.15 , 9.35 , -1.53
18.78 , -0.15 , 12.56 , -1.3800000000000001
18.841 , 0.15 , 11.950000000000001 , -1.84
18.900000000000002 , 0.61 , 13.33 , -0.31
18.96 , 0.31 , 11.03 , -0.46
19.02 , 1.23 , 7.51 , 0.61
19.080000000000002 , 0.46 , 8.120000000000001 , -0.46
19.14 , 0.77 , 8.89 , 0.61
19.2 , 0.31 , 8.73 , -1.07
19.26 , 0.92 , 7.97 , -0.77
19.32 , 0.61 , 9.5 , -1.3800000000000001
19.38 , 0.92 , 9.65 , -1.3800000000000001
19.44 , 0.92 , 11.65 , -1.53
19.5 , 1.23 , 10.73 , -1.99
19.56 , 1.53 , 13.02 , -1.99
19.62 , 0.15 , 12.11 , -0.92
19.68 , -0.15 , 8.120000000000001 , 1.69
19.740000000000002 , -1.3800000000000001 , 8.43 , 0.31
19.8 , -0.92 , 8.58 , 0.31
19.861 , 0.15 , 8.27 , 0.31
19.92 , 0.15 , 9.040000000000001 , -0.77
19.98 , 0.31 , 9.5 , -0.77
20.04 , -0.15 , 9.5 , -1.23
20.1 , -0.15 , 9.65 , -0.77
20.16 , -0.46 , 12.72 , -1.69
20.22 , -0.46 , 14.71 , -1.99
20.28 , 0.92 , 12.870000000000001 , 0.15
20.34 , 0.15 , 10.11 , 2.7600000000000002
20.400000000000002 , 2.6 , 8.58 , 1.84
20.461000000000002 , 2.45 , 5.98 , 1.53
20.52 , 3.98 , 9.35 , 5.21
20.581 , 3.52 , 6.74 , 3.22
20.64 , 4.14 , 7.97 , 5.67
20.7 , 3.06 , 1.99 , 10.11
20.76 , 1.99 , 7.66 , 6.44
20.82 , 4.14 , 5.98 , 6.28
20.88 , 3.37 , 6.59 , 5.98
20.94 , 3.52 , 6.28 , 7.51
21.0 , 3.52 , 9.040000000000001 , 6.74
21.06 , 2.91 , 6.59 , 4.75
21.121 , 2.7600000000000002 , 9.19 , 1.99
21.18 , 2.91 , 7.3500000000000005 , 3.52
21.241 , 2.45 , 9.040000000000001 , 3.22
21.3 , 2.15 , 8.58 , 3.83
21.361 , 2.15 , 10.57 , 3.22
21.42 , 0.61 , 8.58 , 5.0600000000000005
21.48 , 0.46 , 5.82 , 8.120000000000001
21.54 , -0.31 , 7.2 , 4.9
21.6 , 1.07 , 8.89 , 5.5200000000000005
21.66 , -0.15 , 7.3500000000000005 , 4.29
21.72 , 0.46 , 8.58 , 5.82
21.78 , 0.15 , 8.58 , 4.14
21.84 , 0.31 , 8.43 , 3.52
21.900000000000002 , 0.77 , 9.040000000000001 , 1.99
21.96 , 0.61 , 9.040000000000001 , 2.7600000000000002
22.02 , -0.15 , 8.89 , 1.07
22.080000000000002 , 0.92 , 9.35 , 0.77
22.14 , 0.15 , 9.040000000000001 , 1.99
22.2 , 0.61 , 10.73 , 1.23
22.26 , 0.61 , 9.81 , 0.92
22.32 , -0.15 , 9.81 , 0.92
22.38 , 0.61 , 10.42 , 1.23
22.44 , 0.61 , 10.27 , 2.45
22.5 , 0.61 , 10.27 , 1.53
22.56 , 0.61 , 10.42 , 1.69
22.62 , -0.61 , 11.03 , 0.92
22.68 , 0.15 , 10.42 , 1.23
22.740000000000002 , -0.15 , 9.96 , 1.07
22.8 , 0.46 , 9.96 , 1.07
22.86 , 0.15 , 9.96 , 0.92
22.92 , 0.61 , 9.81 , 1.23
22.98 , 0.46 , 9.81 , 1.3800000000000001
23.04 , 0.46 , 9.96 , 1.53
23.1 , 0.46 , 9.81 , 1.23
23.16 , 0.61 , 9.5 , 1.23
23.22 , 0.46 , 9.81 , 1.23
23.28 , 0.61 , 10.11 , 1.23
23.34 , 0.61 , 9.81 , 1.23
23.400000000000002 , 0.15 , 9.81 , 1.3800000000000001
23.46 , 0.77 , 9.65 , 1.23
23.52 , 0.31 , 9.65 , 1.23
23.580000000000002 , 0.46 , 9.96 , 1.3800000000000001
23.64 , 0.46 , 9.96 , 1.3800000000000001
23.7 , 0.31 , 9.96 , 1.07
23.76 , 0.61 , 10.27 , 1.07
23.82 , 0.46 , 9.96 , 1.23
23.88 , 0.46 , 9.65 , 0.77
23.94 , 0.15 , 9.96 , 1.3800000000000001
24.0 , 0.31 , 9.65 , 1.07
24.060000000000002 , 0.31 , 9.65 , 1.07
24.121000000000002 , 0.15 , 9.96 , 1.23
24.18 , 0.46 , 10.11 , 0.92
24.240000000000002 , 0.46 , 9.96 , 1.23
24.3 , 0.31 , 9.65 , 1.23
24.36 , 0.46 , 9.96 , 1.07
24.42 , 0.15 , 9.65 , 0.92
24.48 , 0.46 , 9.81 , 1.07
24.54 , 0.61 , 9.81 , 1.07
24.6 , 0.31 , 9.96 , 1.07
24.66 , 0.31 , 9.65 , 1.07
24.72 , 0.31 , 9.81 , 1.23
24.78 , 0.31 , 9.65 , 0.92
24.84 , 0.31 , 9.96 , 1.3800000000000001
24.900000000000002 , 0.31 , 9.5 , 1.07
24.96 , 0.31 , 9.81 , 0.92
25.02 , 0.15 , 9.5 , 0.77
25.080000000000002 , 0.46 , 10.11 , 0.92
25.14 , 0.46 , 9.96 , 0.92
25.2 , 0.31 , 9.81 , 0.92
25.26 , 0.31 , 9.81 , 1.23
25.32 , 0.31 , 10.42 , 1.07
25.38 , 0.31 , 9.81 , 0.77
25.44 , 0.31 , 9.81 , 0.77
25.5 , 0.31 , 10.11 , 0.92
25.560000000000002 , 0.31 , 9.81 , 0.77
25.62 , -0.15 , 10.27 , 0.92
25.68 , 0.46 , 9.81 , 0.61
25.740000000000002 , 0.46 , 10.88 , 1.23
25.8 , -0.31 , 9.96 , 1.3800000000000001
25.86 , 0.46 , 9.81 , 1.84
25.92 , 0.46 , 9.96 , 1.3800000000000001
25.98 , 0.46 , 9.65 , 3.06
26.04 , 0.92 , 8.73 , 3.83
26.1 , 0.77 , 8.43 , 5.36
26.16 , 1.07 , 7.8100000000000005 , 5.5200000000000005
26.22 , 1.3800000000000001 , 7.51 , 6.9
26.28 , 0.77 , 6.44 , 6.59
26.34 , 1.3800000000000001 , 6.74 , 7.8100000000000005
26.400000000000002 , 0.61 , 5.82 , 7.3500000000000005
26.46 , 0.46 , 5.82 , 7.97
26.52 , 0.46 , 5.98 , 7.2
26.580000000000002 , 0.61 , 5.67 , 9.040000000000001
26.64 , 0.61 , 5.82 , 7.3500000000000005
26.7 , 0.15 , 5.67 , 7.8100000000000005
26.76 , -0.15 , 5.5200000000000005 , 7.66
26.82 , -0.15 , 5.36 , 7.97
26.88 , -0.46 , 5.5200000000000005 , 8.27
26.94 , 0.46 , 5.67 , 8.27
27.001 , 0.46 , 5.67 , 7.51
27.062 , 0.46 , 5.0600000000000005 , 8.43
27.12 , 0.15 , 5.0600000000000005 , 8.120000000000001
27.18 , 0.15 , 5.21 , 8.43
27.240000000000002 , 0.15 , 5.21 , 8.73
27.3 , 0.15 , 5.21 , 8.43
27.36 , 0.15 , 5.82 , 7.8100000000000005
27.42 , 0.15 , 5.5200000000000005 , 7.66
27.48 , 0.15 , 5.82 , 8.27
27.54 , 0.15 , 5.82 , 7.51
27.6 , -0.61 , 6.44 , 6.9
27.66 , -0.31 , 5.98 , 7.05
27.72 , -0.92 , 6.9 , 7.66
27.78 , -1.23 , 6.59 , 7.3500000000000005
27.84 , -0.31 , 6.28 , 7.66
27.900000000000002 , -0.15 , 6.74 , 6.9
27.96 , 0.15 , 6.74 , 7.3500000000000005
28.021 , 0.15 , 6.74 , 7.3500000000000005
28.080000000000002 , 0.31 , 6.59 , 7.3500000000000005
28.14 , 0.31 , 6.74 , 7.05
28.2 , 0.46 , 7.05 , 7.3500000000000005
28.26 , 0.15 , 5.98 , 6.9
28.321 , -0.46 , 6.28 , 7.66
28.381 , -0.15 , 6.13 , 7.51
28.441 , -0.15 , 6.13 , 7.2
28.5 , -0.15 , 5.82 , 7.66
28.560000000000002 , -0.15 , 6.28 , 7.51
28.62 , -0.31 , 6.59 , 6.9
28.68 , -0.92 , 7.3500000000000005 , 5.98
28.740000000000002 , -2.45 , 8.120000000000001 , 5.82
28.8 , -2.3000000000000003 , 6.59 , 7.05
28.861 , -1.53 , 6.74 , 6.13
28.92 , -1.3800000000000001 , 6.59 , 6.74
28.98 , -0.92 , 6.28 , 7.05
29.04 , -0.92 , 6.13 , 7.97
29.101 , 0.61 , 5.5200000000000005 , 8.27
29.16 , -0.15 , 6.28 , 8.120000000000001
29.22 , 0.46 , 5.21 , 8.58
29.282 , 0.31 , 5.21 , 7.05
29.34 , 0.77 , 4.9 , 9.19
29.400000000000002 , -0.15 , 4.9 , 8.58
29.461000000000002 , -0.92 , 5.21 , 8.27
29.52 , -0.92 , 5.5200000000000005 , 9.19
29.580000000000002 , -0.15 , 5.67 , 7.3500000000000005
29.641000000000002 , -0.31 , 4.75 , 8.27
29.701 , -1.07 , 5.0600000000000005 , 7.3500000000000005
29.771 , -0.77 , 5.21 , 7.8100000000000005
29.821 , -0.77 , 5.36 , 7.97
29.881 , -0.46 , 5.98 , 7.66
29.941 , -0.46 , 6.44 , 6.9
30.001 , -0.77 , 5.98 , 7.97
30.061 , -0.31 , 5.82 , 7.8100000000000005
30.135 , -1.3800000000000001 , 6.13 , 7.66
30.181 , -1.07 , 7.51 , 4.14
30.242 , -1.3800000000000001 , 6.13 , 8.89
30.3 , -0.46 , 5.98 , 8.27
30.36 , 0.31 , 5.36 , 7.8100000000000005
30.42 , 0.15 , 5.82 , 8.43
30.48 , -0.31 , 5.5200000000000005 , 7.51
30.54 , -0.61 , 5.36 , 8.73
30.606 , -0.92 , 6.9 , 7.8100000000000005
30.66 , -0.46 , 5.67 , 7.05
30.72 , -0.61 , 6.59 , 7.3500000000000005
30.78 , -0.77 , 6.28 , 6.74
30.84 , -0.31 , 6.74 , 7.2
30.900000000000002 , -0.15 , 6.13 , 7.66
30.961000000000002 , -0.61 , 6.74 , 7.05
31.021 , -1.07 , 7.3500000000000005 , 6.9
31.080000000000002 , -1.3800000000000001 , 7.66 , 5.5200000000000005
31.14 , -0.61 , 6.13 , 8.89
31.2 , -0.61 , 5.98 , 7.51
31.26 , 0.46 , 5.36 , 7.66
31.321 , 0.15 , 5.67 , 8.120000000000001
31.381 , -0.15 , 5.82 , 7.66
31.44 , -0.15 , 5.5200000000000005 , 8.27
31.5 , -0.15 , 5.21 , 7.66
31.560000000000002 , -0.15 , 5.5200000000000005 , 8.27
31.62 , 0.15 , 5.67 , 7.8100000000000005
31.681 , 0.31 , 5.5200000000000005 , 8.43
31.741 , 0.31 , 5.0600000000000005 , 8.120000000000001
31.8 , -0.31 , 5.5200000000000005 , 7.8100000000000005
31.86 , 0.15 , 5.5200000000000005 , 7.3500000000000005
31.921 , -0.46 , 6.13 , 8.120000000000001
31.981 , -0.15 , 5.82 , 7.66
32.04 , -0.31 , 6.74 , 6.44
32.101 , -0.61 , 6.13 , 8.58
32.160000000000004 , 0.15 , 6.13 , 7.3500000000000005
32.22 , -0.15 , 6.28 , 7.8100000000000005
32.28 , -0.15 , 5.82 , 8.120000000000001
32.341 , -0.15 , 5.82 , 7.8100000000000005
32.401 , -0.31 , 7.05 , 7.51
32.461 , -0.31 , 5.98 , 7.51
32.521 , -0.46 , 6.44 , 7.66
32.582 , -0.31 , 6.74 , 7.05
32.641 , -0.77 , 7.2 , 7.05
32.701 , -0.61 , 7.05 , 6.9
32.761 , -0.92 , 7.51 , 6.44
32.821 , -0.46 , 7.05 , 6.9
32.881 , -0.77 , 7.3500000000000005 , 5.98
32.941 , -0.61 , 7.2 , 6.59
33.001 , -0.77 , 7.2 , 6.74
33.061 , -0.92 , 6.9 , 4.44
33.136 , -1.23 , 7.51 , 6.28
33.24 , -0.77 , 7.2 , 6.44
33.3 , -0.77 , 7.05 , 7.05
33.36 , -0.31 , 6.59 , 7.2
33.42 , -0.61 , 7.05 , 7.2
33.480000000000004 , -0.61 , 6.74 , 6.74
33.54 , -0.61 , 6.44 , 7.2
33.6 , -0.15 , 7.05 , 6.9
33.660000000000004 , -0.46 , 7.2 , 7.2
33.72 , -0.46 , 6.9 , 6.74
33.78 , -0.77 , 7.05 , 6.74
33.84 , -1.23 , 7.3500000000000005 , 6.59
33.9 , -1.07 , 7.8100000000000005 , 6.13
33.96 , -1.23 , 7.66 , 6.13
34.02 , -1.23 , 7.8100000000000005 , 6.13
34.08 , -1.07 , 7.8100000000000005 , 6.13
34.14 , -1.23 , 7.8100000000000005 , 5.98
34.2 , -0.77 , 7.8100000000000005 , 6.13
34.26 , -1.23 , 7.51 , 6.28
34.32 , -0.92 , 7.51 , 5.98
34.38 , -1.23 , 7.8100000000000005 , 6.13
34.44 , -1.07 , 7.51 , 6.28
34.5 , -1.23 , 7.51 , 5.21
34.56 , -1.53 , 7.66 , 5.67
34.62 , -1.3800000000000001 , 7.66 , 6.44
34.68 , -0.92 , 7.3500000000000005 , 5.0600000000000005
34.74 , -1.07 , 7.66 , 5.98
34.800000000000004 , -1.23 , 7.8100000000000005 , 5.98
34.86 , -0.92 , 7.66 , 6.44
34.92 , -1.23 , 7.66 , 5.82
34.980000000000004 , -1.23 , 7.66 , 6.28
35.04 , -1.53 , 6.28 , 6.13
35.1 , 0.46 , 7.66 , 6.59
35.160000000000004 , -0.77 , 7.3500000000000005 , 6.9
35.22 , -0.92 , 7.3500000000000005 , 6.59
35.28 , -0.77 , 7.05 , 6.59
35.34 , -0.92 , 7.2 , 6.44
35.4 , -1.23 , 7.3500000000000005 , 6.44
35.46 , -0.92 , 7.05 , 6.44
35.52 , -0.77 , 6.9 , 6.9
35.58 , -0.31 , 7.05 , 5.98
35.64 , -0.46 , 7.3500000000000005 , 6.9
35.7 , -0.92 , 6.59 , 7.2
35.76 , -0.77 , 7.05 , 7.2
35.82 , -0.92 , 6.9 , 7.05
35.88 , -1.23 , 6.9 , 7.05
35.94 , -1.53 , 6.28 , 7.51
36.0 , -0.92 , 5.5200000000000005 , 8.27
36.06 , -1.23 , 5.36 , 7.8100000000000005
36.12 , -1.23 , 4.14 , 9.19
36.18 , -1.53 , 4.75 , 7.66
36.24 , -1.99 , 3.52 , 8.27
36.300000000000004 , -1.23 , 5.82 , 8.27
36.36 , -1.99 , 3.83 , 9.65
36.42 , -1.69 , 4.44 , 9.35
36.480000000000004 , -1.53 , 3.52 , 9.96
36.54 , -0.92 , 4.44 , 8.73
36.6 , -0.15 , 3.98 , 8.89
36.660000000000004 , 0.31 , 4.9 , 8.89
36.72 , 0.31 , 3.37 , 8.73
36.781 , 1.23 , 2.45 , 9.35
36.841 , 0.31 , 3.37 , 8.89
36.901 , 0.31 , 3.98 , 8.73
36.961 , 0.31 , 3.68 , 8.89
37.021 , 0.61 , 3.83 , 9.81
37.081 , 0.61 , 4.29 , 8.27
37.141 , 0.61 , 4.6000000000000005 , 8.43
37.201 , 0.15 , 5.36 , 7.66
37.261 , 0.61 , 4.6000000000000005 , 8.89
37.321 , -0.46 , 4.9 , 9.5
37.381 , -0.46 , 4.44 , 9.5
37.441 , -1.07 , 5.36 , 8.89
37.5 , -1.07 , 5.5200000000000005 , 8.58
37.561 , 0.61 , 4.6000000000000005 , 8.89
37.621 , 0.77 , 4.29 , 7.2
37.681 , 1.23 , 4.75 , 8.73
37.741 , 0.77 , 4.14 , 8.27
37.801 , 1.23 , 5.36 , 9.19
37.861000000000004 , 1.53 , 4.6000000000000005 , 9.35
37.921 , 0.77 , 5.21 , 8.43
37.981 , 0.77 , 4.9 , 7.8100000000000005
38.041000000000004 , 0.15 , 4.9 , 8.73
38.101 , 0.61 , 5.0600000000000005 , 7.3500000000000005
38.161 , 1.07 , 4.9 , 9.35
38.221000000000004 , 0.46 , 5.5200000000000005 , 8.120000000000001
38.281 , 0.46 , 4.9 , 9.5
38.341 , 0.46 , 4.6000000000000005 , 7.51
38.402 , 0.46 , 5.21 , 8.89
38.461 , -0.46 , 5.36 , 8.27
38.521 , -0.46 , 4.6000000000000005 , 8.73
38.582 , -0.61 , 4.44 , 7.3500000000000005
38.644 , -0.31 , 4.6000000000000005 , 7.66
38.701 , -0.46 , 4.29 , 7.97
38.761 , -0.31 , 4.6000000000000005 , 9.040000000000001
38.821 , -0.92 , 5.82 , 7.97
38.881 , -0.61 , 5.21 , 7.66
38.941 , -0.77 , 5.98 , 8.120000000000001
39.001 , -0.92 , 6.44 , 8.43
39.061 , -0.92 , 7.2 , 8.89
39.121 , -0.15 , 7.2 , 8.27
39.181 , -0.61 , 6.13 , 9.19
39.241 , -0.31 , 4.9 , 9.35
39.301 , 0.15 , 5.0600000000000005 , 6.9
39.361000000000004 , 0.46 , 4.9 , 7.51
39.421 , 0.31 , 4.75 , 7.97
39.481 , -1.07 , 5.5200000000000005 , 5.82
39.54 , -0.77 , 5.36 , 6.44
39.6 , -1.07 , 6.28 , 7.66
39.661 , -0.77 , 5.82 , 7.51
S.no,markings
